No,Keywords,Volume,Position,Est. Visits,Seo Difficulty,Ranking Url
1,in 7,165000,1,49227,52,http://in7games.co.in/
2,in 7 app,6600,1,3110,40,http://in7games.co.in/
3,in7 apps,5400,1,2158,32,http://in7games.co.in/
4,in 7 apps,4400,1,1892,41,http://in7games.co.in/
5,in 7 com game,5400,1,1792,34,http://in7games.co.in/
6,in7 download,1000,1,522,26,http://in7games.co.in/
7,in7 game online,1300,1,516,32,http://in7games.co.in/
8,in7 online game,1300,1,516,33,http://in7games.co.in/
9,in 7 game online,1300,1,516,37,http://in7games.co.in/
10,in7 game login,1300,1,516,31,http://in7games.co.in/
11,in 7 online game,1600,1,498,33,http://in7games.co.in/
12,in 77 game,1000,1,416,44,http://in7games.co.in/
13,in 7 app download,880,1,328,41,http://in7games.co.in/
14,i am 7 game,880,1,328,42,http://in7games.co.in/
15,in 7 game download apk,880,1,328,32,http://in7games.co.in/
16,in 7 download,1000,1,306,39,http://in7games.co.in/
17,in7 com login,720,1,286,28,http://in7games.co.in/
18,in 7 game app download,720,1,286,32,http://in7games.co.in/
19,in7 game download apk,720,1,286,15,http://in7games.co.in/
20,in 7 all game,880,1,278,40,http://in7games.co.in/
21,in7 login,590,1,259,28,http://in7games.co.in/
22,in7 online,590,1,259,28,http://in7games.co.in/
23,in7.com download,480,1,254,24,http://in7games.co.in/
24,in 7 online,480,1,246,41,http://in7games.co.in/
25,in 7 game app,480,1,246,34,http://in7games.co.in/
26,in7 com download,480,1,246,23,http://in7games.co.in/
27,in 7 game new,590,1,243,41,http://in7games.co.in/
28,in7 game real or fake,590,1,243,38,http://in7games.co.in/
29,in7 game download play store,590,1,236,30,http://in7games.co.in/
30,in 7 game login download,590,1,236,61,http://in7games.co.in/
31,in7.com game download,390,1,209,19,http://in7games.co.in/
32,in7 com game login,390,1,196,32,http://in7games.co.in/
33,in7 com game download,390,1,196,11,http://in7games.co.in/
34,in7 com app,390,1,196,31,http://in7games.co.in/
35,in7 com game online,390,1,196,21,http://in7games.co.in/
36,in7 apk download,390,1,196,7,http://in7games.co.in/
37,in 7 apk download,390,1,196,23,http://in7games.co.in/
38,in 7 game link,320,1,129,23,http://in7games.co.in/
39,i am 7 game download,320,1,129,66,http://in7games.co.in/
40,in7 game real or fake hai,260,1,118,31,http://in7games.co.in/
41,in7 game download for android,260,1,117,16,http://in7games.co.in/
42,in 7 game original,260,1,117,32,http://in7games.co.in/
43,in7 game download ios,260,1,117,28,http://in7games.co.in/
44,in77 in game,260,1,117,20,http://in7games.co.in/
45,in7 game customer care number india 24 7,260,1,114,15,http://in7games.co.in/
46,in7 login registration,320,1,110,17,http://in7games.co.in/
47,in7 com apk,320,1,110,11,http://in7games.co.in/
48,in7 download apk,260,1,109,21,http://in7games.co.in/
49,in 7 game register,260,1,109,30,http://in7games.co.in/
50,in77 in login,260,1,109,8,http://in7games.co.in/
51,is 7 game,260,1,109,44,http://in7games.co.in/
52,in 7 game apk download,260,1,109,19,http://in7games.co.in/
53,in7 game apk download,260,1,109,6,http://in7games.co.in/
54,in7 app download,1000,2,65,5,http://in7games.co.in/
55,in 7 game real or fake,590,2,26,49,http://in7games.co.in/
56,in7 game customer care number,260,2,12,4,http://in7games.co.in/
57,in 777 game real money,320,4,10,32,http://in7games.co.in/
58,7 in,2400,19,4,38,http://in7games.co.in/
59,i am 7,1300,12,3,45,http://in7games.co.in/
60,slots game real money apk,1900,22,2,31,http://in7games.co.in/
61,ind 777 apk,320,12,1,15,http://in7games.co.in/
62,slots game download apk,590,31,1,26,http://in7games.co.in/
63,ln7,5400,44,1,26,http://in7games.co.in/disclaimer-in7-game-app/
64,if7,1300,84,0,31,http://in7games.co.in/
65,7 games download,260,72,0,56,http://in7games.co.in/
66,rummy legend,390,46,0,21,http://in7games.co.in/
67,spin games apk,590,35,0,26,http://in7games.co.in/
68,online games apk download,480,39,0,54,http://in7games.co.in/
69,upi withdrawal games free download,1600,73,0,20,http://in7games.co.in/
70,yono games details,1000,56,0,21,http://in7games.co.in/
71,chicken road game kaise khelte hain,720,39,0,32,http://in7games.co.in/
72,real cash games apk withdrawal,880,59,0,24,http://in7games.co.in/
73,game khel ke paise kaise kamaye,480,89,0,27,http://in7games.co.in/
74,slots game apk download,1000,63,0,31,http://in7games.co.in/
75,in game apk,880,38,0,47,http://in7games.co.in/
76,upi withdrawal games app,1300,66,0,17,http://in7games.co.in/
77,777 slot games apk,320,34,0,30,http://in7games.co.in/
78,777 game download apk,2900,41,0,26,http://in7games.co.in/
79,upi withdrawal games apk,880,53,0,17,http://in7games.co.in/
80,paisa kamane wala game downloading,880,78,0,24,http://in7games.co.in/
81,new game paise kamane wala,590,80,0,25,http://in7games.co.in/
82,rupee rush earning app,260,85,0,25,http://in7games.co.in/
83,jitne wala game,590,92,0,28,http://in7games.co.in/
84,paise wala game real,260,80,0,30,http://in7games.co.in/
85,ww7,720,87,0,36,http://in7games.co.in/
86,aaiae aaiae,260,66,0,33,http://in7games.co.in/
87,rummy rush apk,320,81,0,25,http://in7games.co.in/
88,paisa jitne wala game online,260,88,0,26,http://in7games.co.in/
89,yono game real or fake,260,67,0,20,http://in7games.co.in/
90,you know 777 game download apk,480,47,0,20,http://in7games.co.in/
91,777 games apk,8100,53,0,26,http://in7games.co.in/
92,download apk game online,480,80,0,50,http://in7games.co.in/
93,aaiae,1600,48,0,33,http://in7games.co.in/
94,paise jitne wala game,8100,100,0,28,http://in7games.co.in/
95,in 777 game,1300,55,0,46,http://in7games.co.in/
96,all slots games apk,4400,52,0,50,http://in7games.co.in/
97,yono all games name list,210,65,0,15,http://in7games.co.in/
